#Release 14.7 - par P.20131013 (nt64)
#Copyright (c) 1995-2013 Xilinx, Inc.  All rights reserved.

#Tue Jul 28 16:57:06 2020

#
## NOTE: This file is designed to be imported into a spreadsheet program
# such as Microsoft Excel for viewing, printing and sorting. The |
# character is used as the data field separator. This file is also designed
# to support parsing.
#
#INPUT FILE:       vending_machine_map.ncd
#OUTPUT FILE:      vending_machine_pad.csv
#PART TYPE:        xc3s50a
#SPEED GRADE:      -4
#PACKAGE:          tq144
#
# Pinout by Pin Number:
# 
# -----,-----,-----,-----,-----,-----,-----,-----,-----,-----,-----,-----,-----,-----,-----,
Pin Number,Signal Name,Pin Usage,Pin Name,Direction,IO Standard,IO Bank Number,Drive (mA),Slew Rate,Termination,IOB Delay,Voltage,Constraint,IO Register,Signal Integrity,
P1,,,TMS,,,,,,,,,,,,
P2,,,TDI,,,,,,,,,,,,
P3,,DIFFMLR,IO_L02P_3,UNUSED,,3,,,,,,,,,
P4,,DIFFMLR,IO_L01P_3,UNUSED,,3,,,,,,,,,
P5,,DIFFSLR,IO_L02N_3,UNUSED,,3,,,,,,,,,
P6,,DIFFSLR,IO_L01N_3,UNUSED,,3,,,,,,,,,
P7,,DIFFMLR,IO_L03P_3,UNUSED,,3,,,,,,,,,
P8,,DIFFSLR,IO_L03N_3,UNUSED,,3,,,,,,,,,
P9,,,GND,,,,,,,,,,,,
P10,,DIFFMLR,IO_L04P_3,UNUSED,,3,,,,,,,,,
P11,,DIFFSLR,IO_L04N_3/VREF_3,UNUSED,,3,,,,,,,,,
P12,,DIFFMLR,IO_L05P_3/LHCLK0,UNUSED,,3,,,,,,,,,
P13,,DIFFSLR,IO_L05N_3/LHCLK1,UNUSED,,3,,,,,,,,,
P14,,,VCCO_3,,,3,,,,,any******,,,,
P15,,DIFFMLR,IO_L06P_3/LHCLK2,UNUSED,,3,,,,,,,,,
P16,,DIFFSLR,IO_L06N_3/IRDY2/LHCLK3,UNUSED,,3,,,,,,,,,
P17,,,GND,,,,,,,,,,,,
P18,,DIFFMLR,IO_L07P_3/LHCLK4,UNUSED,,3,,,,,,,,,
P19,,DIFFMLR,IO_L08P_3/TRDY2/LHCLK6,UNUSED,,3,,,,,,,,,
P20,,DIFFSLR,IO_L07N_3/LHCLK5,UNUSED,,3,,,,,,,,,
P21,,DIFFSLR,IO_L08N_3/LHCLK7,UNUSED,,3,,,,,,,,,
P22,,,VCCINT,,,,,,,,1.2,,,,
P23,,,VCCO_3,,,3,,,,,any******,,,,
P24,,DIFFMLR,IO_L09P_3,UNUSED,,3,,,,,,,,,
P25,,DIFFSLR,IO_L09N_3,UNUSED,,3,,,,,,,,,
P26,,,GND,,,,,,,,,,,,
P27,,DIFFMLR,IO_L10P_3,UNUSED,,3,,,,,,,,,
P28,,DIFFMLR,IO_L11P_3,UNUSED,,3,,,,,,,,,
P29,,DIFFSLR,IO_L10N_3,UNUSED,,3,,,,,,,,,
P30,,DIFFSLR,IO_L11N_3,UNUSED,,3,,,,,,,,,
P31,,DIFFMLR,IO_L12P_3,UNUSED,,3,,,,,,,,,
P32,,DIFFSLR,IO_L12N_3,UNUSED,,3,,,,,,,,,
P33,,DIFFMI_NDT,IP_L13P_3,UNUSED,,3,,,,,,,,,
P34,,,GND,,,,,,,,,,,,
P35,,DIFFSI_NDT,IP_L13N_3/VREF_3,UNUSED,,3,,,,,,,,,
P36,,,VCCAUX,,,,,,,,3.3,,,,
P37,,DIFFMTB,IO_L01P_2/M1,UNUSED,,2,,,,,,,,,
P38,,DIFFSTB,IO_L01N_2/M0,UNUSED,,2,,,,,,,,,
P39,,DIFFMTB,IO_L02P_2/M2,UNUSED,,2,,,,,,,,,
P40,,,VCCO_2,,,2,,,,,3.30,,,,
P41,,DIFFSTB,IO_L02N_2/CSO_B,UNUSED,,2,,,,,,,,,
P42,,DIFFMTB,IO_L03P_2/RDWR_B,UNUSED,,2,,,,,,,,,
P43,,DIFFMTB,IO_L04P_2/VS2,UNUSED,,2,,,,,,,,,
P44,,DIFFSTB,IO_L03N_2/VS1,UNUSED,,2,,,,,,,,,
P45,,DIFFSTB,IO_L04N_2/VS0,UNUSED,,2,,,,,,,,,
P46,LED<0>,IOB,IO_L05P_2,OUTPUT,LVTTL,2,8,SLOW,NONE**,,,LOCATED,NO,NONE,
P47,LED<1>,IOB,IO_L06P_2,OUTPUT,LVTTL,2,8,SLOW,NONE**,,,LOCATED,NO,NONE,
P48,LED<2>,IOB,IO_L05N_2/D7,OUTPUT,LVTTL,2,8,SLOW,NONE**,,,LOCATED,NO,NONE,
P49,LED<3>,IOB,IO_L06N_2/D6,OUTPUT,LVTTL,2,8,SLOW,NONE**,,,LOCATED,NO,NONE,
P50,LED<4>,IOB,IO_L07P_2/D5,OUTPUT,LVTTL,2,8,SLOW,NONE**,,,LOCATED,NO,NONE,
P51,LED<5>,IOB,IO_L07N_2/D4,OUTPUT,LVTTL,2,8,SLOW,NONE**,,,LOCATED,NO,NONE,
P52,,,VCCINT,,,,,,,,1.2,,,,
P53,,IBUF,IP_2/VREF_2,UNUSED,,2,,,,,,,,,
P54,LED<6>,IOB,IO_L08P_2/GCLK14,OUTPUT,LVTTL,2,8,SLOW,NONE**,,,LOCATED,NO,NONE,
P55,LED<7>,IOB,IO_L08N_2/GCLK15,OUTPUT,LVTTL,2,8,SLOW,NONE**,,,LOCATED,NO,NONE,
P56,,,GND,,,,,,,,,,,,
P57,,DIFFMTB,IO_L09P_2/GCLK0,UNUSED,,2,,,,,,,,,
P58,price_selector<7>,IBUF,IO_L10P_2/GCLK2,INPUT,LVTTL,2,,,PULLUP,IBUF,,LOCATED,NO,NONE,
P59,price_selector<6>,IBUF,IO_L09N_2/GCLK1,INPUT,LVTTL,2,,,PULLUP,IBUF,,LOCATED,NO,NONE,
P60,price_selector<5>,IBUF,IO_L10N_2/GCLK3,INPUT,LVTTL,2,,,PULLUP,IBUF,,LOCATED,NO,NONE,
P61,,,VCCO_2,,,2,,,,,3.30,,,,
P62,,DIFFMTB,IO_2/MOSI/CSI_B,UNUSED,,2,,,,,,,,,
P63,price_selector<4>,IBUF,IO_L11P_2/AWAKE,INPUT,LVTTL,2,,,PULLUP,IBUF,,LOCATED,NO,NONE,
P64,price_selector<3>,IBUF,IO_L11N_2/DOUT,INPUT,LVTTL,2,,,PULLUP,IBUF,,LOCATED,NO,NONE,
P65,,,GND,,,,,,,,,,,,
P66,,,VCCAUX,,,,,,,,3.3,,,,
P67,,DIFFMTB,IO_L12P_2/INIT_B,UNUSED,,2,,,,,,,,,
P68,price_selector<2>,IBUF,IO_L12N_2/D3,INPUT,LVTTL,2,,,PULLUP,IBUF,,LOCATED,NO,NONE,
P69,price_selector<1>,IBUF,IO_L13P_2/D2,INPUT,LVTTL,2,,,PULLUP,IBUF,,LOCATED,NO,NONE,
P70,price_selector<0>,IBUF,IO_L14P_2/D1,INPUT,LVTTL,2,,,PULLUP,IBUF,,LOCATED,NO,NONE,
P71,,DIFFSTB,IO_L13N_2/D0/DIN/MISO,UNUSED,,2,,,,,,,,,
P72,,DIFFSTB,IO_L14N_2/CCLK,UNUSED,,2,,,,,,,,,
P73,,,DONE,,,,,,,,,,,,
P74,,,SUSPEND,,,,,,,,,,,,
P75,dollar,IBUF,IO_L02P_1/LDC1,INPUT,LVTTL,1,,,PULLUP,IBUF,,LOCATED,NO,NONE,
P76,quarter,IBUF,IO_L01P_1/HDC,INPUT,LVTTL,1,,,PULLUP,IBUF,,LOCATED,NO,NONE,
P77,dime,IBUF,IO_L02N_1/LDC0,INPUT,LVTTL,1,,,PULLUP,IBUF,,LOCATED,NO,NONE,
P78,nickel,IBUF,IO_L01N_1/LDC2,INPUT,LVTTL,1,,,PULLUP,IBUF,,LOCATED,NO,NONE,
P79,pay,IBUF,IO_1,INPUT,LVTTL,1,,,PULLUP,IBUF,,LOCATED,NO,NONE,
P80,reset,IBUF,IP_1/VREF_1,INPUT,LVTTL,1,,,PULLUP,IBUF,,LOCATED,NO,NONE,
P81,,,GND,,,,,,,,,,,,
P82,,DIFFMLR,IO_L03P_1,UNUSED,,1,,,,,,,,,
P83,,DIFFMLR,IO_L04P_1/RHCLK0,UNUSED,,1,,,,,,,,,
P84,,DIFFSLR,IO_L03N_1,UNUSED,,1,,,,,,,,,
P85,,DIFFSLR,IO_L04N_1/RHCLK1,UNUSED,,1,,,,,,,,,
P86,,,VCCO_1,,,1,,,,,any******,,,,
P87,,DIFFMLR,IO_L05P_1/RHCLK2,UNUSED,,1,,,,,,,,,
P88,,DIFFSLR,IO_L05N_1/TRDY1/RHCLK3,UNUSED,,1,,,,,,,,,
P89,,,GND,,,,,,,,,,,,
P90,,DIFFMLR,IO_L06P_1/RHCLK4,UNUSED,,1,,,,,,,,,
P91,,DIFFMLR,IO_L07P_1/IRDY1/RHCLK6,UNUSED,,1,,,,,,,,,
P92,,DIFFSLR,IO_L06N_1/RHCLK5,UNUSED,,1,,,,,,,,,
P93,,DIFFSLR,IO_L07N_1/RHCLK7,UNUSED,,1,,,,,,,,,
P94,,,VCCINT,,,,,,,,1.2,,,,
P95,,,VCCO_1,,,1,,,,,any******,,,,
P96,,DIFFMLR,IO_L08P_1,UNUSED,,1,,,,,,,,,
P97,,DIFFMI_NDT,IP_1/VREF_1,UNUSED,,1,,,,,,,,,
P98,,DIFFSLR,IO_L08N_1,UNUSED,,1,,,,,,,,,
P99,,DIFFMLR,IO_L09P_1,UNUSED,,1,,,,,,,,,
P100,,,GND,,,,,,,,,,,,
P101,,DIFFSLR,IO_L09N_1,UNUSED,,1,,,,,,,,,
P102,,DIFFMLR,IO_L10P_1,UNUSED,,1,,,,,,,,,
P103,,DIFFMLR,IO_L11P_1,UNUSED,,1,,,,,,,,,
P104,,DIFFSLR,IO_L10N_1,UNUSED,,1,,,,,,,,,
P105,,DIFFSLR,IO_L11N_1,UNUSED,,1,,,,,,,,,
P106,,,GND,,,,,,,,,,,,
P107,,,TDO,,,,,,,,,,,,
P108,,,VCCAUX,,,,,,,,3.3,,,,
P109,,,TCK,,,,,,,,,,,,
P110,Seven_Segment_Display<1>,IOB,IO_L01P_0,OUTPUT,LVTTL,0,8,SLOW,NONE**,,,LOCATED,NO,NONE,
P111,Seven_Segment_Display<2>,IOB,IO_L01N_0,OUTPUT,LVTTL,0,8,SLOW,NONE**,,,LOCATED,NO,NONE,
P112,Seven_Segment_Display<3>,IOB,IO_L02P_0/VREF_0,OUTPUT,LVTTL,0,8,SLOW,NONE**,,,LOCATED,NO,NONE,
P113,Seven_Segment_Display<4>,IOB,IO_L02N_0,OUTPUT,LVTTL,0,8,SLOW,NONE**,,,LOCATED,NO,NONE,
P114,Seven_Segment_Display<0>,IOB,IO_L04P_0,OUTPUT,LVTTL,0,8,SLOW,NONE**,,,LOCATED,NO,NONE,
P115,Seven_Segment_Display<5>,IOB,IO_L03P_0,OUTPUT,LVTTL,0,8,SLOW,NONE**,,,LOCATED,NO,NONE,
P116,Seven_Segment_Display<6>,IOB,IO_L04N_0,OUTPUT,LVTTL,0,8,SLOW,NONE**,,,LOCATED,NO,NONE,
P117,Seven_Segment_Display<7>,IOB,IO_L03N_0,OUTPUT,LVTTL,0,8,SLOW,NONE**,,,LOCATED,NO,NONE,
P118,,,GND,,,,,,,,,,,,
P119,,,VCCO_0,,,0,,,,,3.30,,,,
P120,Seven_Segment_Enable<0>,IOB,IO_L05P_0,OUTPUT,LVTTL,0,8,SLOW,NONE**,,,LOCATED,NO,NONE,
P121,Seven_Segment_Enable<1>,IOB,IO_L05N_0,OUTPUT,LVTTL,0,8,SLOW,NONE**,,,LOCATED,NO,NONE,
P122,,,VCCINT,,,,,,,,1.2,,,,
P123,,IBUF,IP_0/VREF_0,UNUSED,,0,,,,,,,,,
P124,Seven_Segment_Enable<2>,IOB,IO_L06P_0/GCLK4,OUTPUT,LVTTL,0,8,SLOW,NONE**,,,LOCATED,NO,NONE,
P125,,DIFFMTB,IO_L07P_0/GCLK6,UNUSED,,0,,,,,,,,,
P126,,DIFFSTB,IO_L06N_0/GCLK5,UNUSED,,0,,,,,,,,,
P127,,DIFFSTB,IO_L07N_0/GCLK7,UNUSED,,0,,,,,,,,,
P128,,,GND,,,,,,,,,,,,
P129,clock_in,IBUF,IO_L08P_0/GCLK8,INPUT,LVTTL,0,,,,IBUF,,LOCATED,NO,NONE,
P130,,DIFFMTB,IO_L09P_0/GCLK10,UNUSED,,0,,,,,,,,,
P131,,DIFFSTB,IO_L08N_0/GCLK9,UNUSED,,0,,,,,,,,,
P132,,DIFFSTB,IO_L09N_0/GCLK11,UNUSED,,0,,,,,,,,,
P133,,,VCCAUX,,,,,,,,3.3,,,,
P134,,DIFFMTB,IO_L10P_0,UNUSED,,0,,,,,,,,,
P135,,DIFFSTB,IO_L10N_0,UNUSED,,0,,,,,,,,,
P136,,,VCCO_0,,,0,,,,,3.30,,,,
P137,,,GND,,,,,,,,,,,,
P138,,DIFFMTB,IO_L11P_0,UNUSED,,0,,,,,,,,,
P139,,DIFFSTB,IO_L11N_0,UNUSED,,0,,,,,,,,,
P140,,IBUF,IP_0,UNUSED,,0,,,,,,,,,
P141,,DIFFMTB,IO_L12P_0/VREF_0,UNUSED,,0,,,,,,,,,
P142,,DIFFSTB,IO_0,UNUSED,,0,,,,,,,,,
P143,,DIFFSTB,IO_L12N_0/PUDC_B,UNUSED,,0,,,,,,,,,
P144,,,PROG_B,,,,,,,,,,,,

# -----,-----,-----,-----,-----,-----,-----,-----,-----,-----,-----,-----,-----,-----,-----,
# 
#* Default value.
#** This default Pullup/Pulldown value can be overridden in Bitgen. 
#****** Special VCCO requirements may apply. Please consult the device 
#       family datasheet for specific guideline on VCCO requirements. 
#
#
#